file_type,first_folder,path
.bundle.yaml,(none),01260207201000000190_transition_contract.bundle.yaml
.bundle.yaml,(none),transition_contract.bundle.yaml
.dir_id,(none),.dir_id
.dir_id,01000001266_behaviors,01000001266_behaviors\.dir_id
.dir_id,01260207201000001133_backups,01260207201000001133_backups\.dir_id
.dir_id,01260207201000001133_backups,01260207201000001133_backups\REGISTRY_pre_unified_cleanup_20260222_200819\.dir_id
.dir_id,01260207201000001133_backups,01260207201000001133_backups\REGISTRY_pre_unified_cleanup_20260222_200819\01260207201000001158_FILE WATCHER\.dir_id
.dir_id,01260207201000001133_backups,01260207201000001133_backups\REGISTRY_pre_unified_cleanup_20260222_200819\01260207201000001253_BACKUP_FILES\.dir_id
.dir_id,01260207201000001133_backups,01260207201000001133_backups\REGISTRY_pre_unified_cleanup_20260222_200819\01260207201000001269_reservations\.dir_id
.dir_id,01260207201000001133_backups,01260207201000001133_backups\REGISTRY_pre_unified_cleanup_20260222_200819\01260207201000001270_scripts\.dir_id
.dir_id,01260207201000001133_backups,01260207201000001133_backups\REGISTRY_pre_unified_cleanup_20260222_200819\01260207201000001270_scripts\01260207201000001271_ci\.dir_id
.dir_id,01260207201000001133_backups,01260207201000001133_backups\REGISTRY_pre_unified_cleanup_20260222_200819\01260207201000001273_TEST\.dir_id
.dir_id,01260207201000001133_backups,01260207201000001133_backups\REGISTRY_pre_unified_cleanup_20260222_200819\01260207201000001274_tests\.dir_id
.dir_id,01260207201000001133_backups,01260207201000001133_backups\REGISTRY_pre_unified_cleanup_20260222_200819\ID\.dir_id
.dir_id,01260207201000001133_backups,01260207201000001133_backups\REGISTRY_pre_unified_cleanup_20260222_200819\src_modules\01260207201000001296_registry_transition\.dir_id
.dir_id,01260207201000001133_backups,01260207201000001133_backups\REGISTRY_pre_unified_cleanup_20260222_200819\src_modules\01260207201000001297_registry_writer\.dir_id
.dir_id,01260207201000001137_config,01260207201000001137_config\.dir_id
.dir_id,01260207201000001139_docs,01260207201000001139_docs\.dir_id
.dir_id,01260207201000001139_docs,01260207201000001139_docs\01260207201000001140_governance\.dir_id
.dir_id,01260207201000001139_docs,01260207201000001139_docs\01260207201000001145_planning\.dir_id
.dir_id,01260207201000001139_docs,01260207201000001139_docs\01260207201000001146_runbooks\.dir_id
.dir_id,01260207201000001148_evidence,01260207201000001148_evidence\.dir_id
.dir_id,01260207201000001148_evidence,01260207201000001148_evidence\01260207201000001153_POST_NORMALIZE_CORRECTED\.dir_id
.dir_id,01260207201000001148_evidence,01260207201000001148_evidence\01260207201000001155_PRODUCTION_FINAL_AUDIT\.dir_id
.dir_id,01260207201000001159_schemas,01260207201000001159_schemas\.dir_id
.dir_id,01260207201000001160_scripts,01260207201000001160_scripts\.dir_id
.dir_id,01260207201000001162_GEU,01260207201000001162_GEU\.dir_id
.dir_id,01260207201000001162_GEU,01260207201000001162_GEU\01260207201000001163_evidence\.dir_id
.dir_id,01260207201000001162_GEU,01260207201000001162_GEU\01260207201000001165_ID\.dir_id
.dir_id,01260207201000001162_GEU,01260207201000001162_GEU\01260207201000001165_ID\01260207201000001166_evidence\.dir_id
.dir_id,01260207201000001173_govreg_core,01260207201000001173_govreg_core\.dir_id
.dir_id,01260207201000001173_govreg_core,01260207201000001173_govreg_core\01260207201000001174_geu_reconciliation\.dir_id
.dir_id,01260207201000001221_Multi CLI,01260207201000001221_Multi CLI\.dir_id
.dir_id,01260207201000001221_Multi CLI,01260207201000001221_Multi CLI\ai_service_wrappers\.dir_id
.dir_id,01260207201000001221_Multi CLI,01260207201000001221_Multi CLI\inputs\.dir_id
.dir_id,01260207201000001221_Multi CLI,01260207201000001221_Multi CLI\schemas_langgraph\.dir_id
.dir_id,01260207201000001221_Multi CLI,01260207201000001221_Multi CLI\templates\.dir_id
.dir_id,01260207201000001221_Multi CLI,01260207201000001221_Multi CLI\tests\.dir_id
.dir_id,01260207201000001228_monitoring,01260207201000001228_monitoring\.dir_id
.dir_id,01260207201000001228_monitoring,01260207201000001228_monitoring\01260207201000001229_alerts\.dir_id
.dir_id,01260207201000001242_PATH_FILES,01260207201000001242_PATH_FILES\.dir_id
.dir_id,01260207201000001242_PATH_FILES,01260207201000001242_PATH_FILES\01260207201000001243_config\.dir_id
.dir_id,01260207201000001242_PATH_FILES,01260207201000001242_PATH_FILES\01260207201000001246_LP_LONG_PLAN\01260207201000001247_PHASE_1_PLANNING\.dir_id
.dir_id,01260207201000001249_policies,01260207201000001249_policies\.dir_id
.dir_id,01260207201000001250_REGISTRY,01260207201000001250_REGISTRY\.dir_id
.dir_id,01260207201000001250_REGISTRY,01260207201000001250_REGISTRY\01260207201000001158_FILEWATCHER\.dir_id
.dir_id,01260207201000001250_REGISTRY,01260207201000001250_REGISTRY\01260207201000001158_FILEWATCHER\01260207201000001159_schemas\.dir_id
.dir_id,01260207201000001250_REGISTRY,01260207201000001250_REGISTRY\01260207201000001158_FILEWATCHER\01260207201000001160_scripts\.dir_id
.dir_id,01260207201000001250_REGISTRY,01260207201000001250_REGISTRY\01260207201000001270_scripts\.dir_id
.dir_id,01260207201000001250_REGISTRY,01260207201000001250_REGISTRY\01260207201000001270_scripts\01260207201000001271_ci\.dir_id
.dir_id,01260207201000001250_REGISTRY,01260207201000001250_REGISTRY\01260207201000001274_tests\.dir_id
.dir_id,01260207201000001250_REGISTRY,01260207201000001250_REGISTRY\01260207201000001313_capability_mapping_system\01260207220000001314_archive\.dir_id
.dir_id,01260207201000001250_REGISTRY,01260207201000001250_REGISTRY\01260207201000001313_capability_mapping_system\01260207220000001318_mapp_py\.dir_id
.dir_id,01260207201000001250_REGISTRY,01260207201000001250_REGISTRY\01260207201000001313_capability_mapping_system\01260207220000001322_src\.dir_id
.dir_id,01260207201000001250_REGISTRY,01260207201000001250_REGISTRY\01260207201000001313_capability_mapping_system\01999000042260125146_AI_CLI_PROVENANCE_SOLUTION\.dir_id
.dir_id,01260207201000001250_REGISTRY,01260207201000001250_REGISTRY\ID\.dir_id
.dir_id,01260207201000001250_REGISTRY,01260207201000001250_REGISTRY\src_modules\01260207201000001296_registry_transition\.dir_id
.dir_id,01260207201000001250_REGISTRY,01260207201000001250_REGISTRY\src_modules\01260207201000001297_registry_writer\.dir_id
.dir_id,01260207201000001256_file_id_correction_20260202_134132,01260207201000001256_file_id_correction_20260202_134132\.dir_id
.dir_id,01260207201000001257_file_id_correction_20260202_134242,01260207201000001257_file_id_correction_20260202_134242\.dir_id
.dir_id,01260207201000001257_file_id_correction_20260202_134242,01260207201000001257_file_id_correction_20260202_134242\01260207201000001260_mapp_py\.dir_id
.dir_id,01260207201000001262_pre_merge_20260203_231428,01260207201000001262_pre_merge_20260203_231428\.dir_id
.dir_id,01260207201000001263_py_columns_20260202_142006,01260207201000001263_py_columns_20260202_142006\.dir_id
.dir_id,01260207201000001275_schemas,01260207201000001275_schemas\.dir_id
.dir_id,01260207201000001276_scripts,01260207201000001276_scripts\.dir_id
.dir_id,01260207201000001276_scripts,01260207201000001276_scripts\01260207201000001278_deployment\.dir_id
.dir_id,01260207201000001276_scripts,01260207201000001276_scripts\01260207201000001279_drift_reconciliation\.dir_id
.dir_id,01260207201000001276_scripts,01260207201000001276_scripts\01260207201000001280_execution\.dir_id
.dir_id,01260207201000001276_scripts,01260207201000001276_scripts\01260207201000001282_migration\.dir_id
.dir_id,01260207201000001276_scripts,01260207201000001276_scripts\01260207201000001283_parsers\.dir_id
.dir_id,01260207201000001276_scripts,01260207201000001276_scripts\01260207201000001285_utilities\.dir_id
.dir_id,01260207201000001276_scripts,01260207201000001276_scripts\01260207201000001286_validation\.dir_id
.dir_id,01260207201000001276_scripts,01260207201000001276_scripts\01260207201000001287_validators\.dir_id
.dir_id,01260207201000001289_src,01260207201000001289_src\.dir_id
.dir_id,01260207201000001289_src,01260207201000001289_src\01260207201000001291_generators\.dir_id
.dir_id,01260207201000001289_src,01260207201000001289_src\01260207201000001291_generators\01260207201000001292_src\.dir_id
.dir_id,01260207201000001289_src,01260207201000001289_src\01260207201000001293_orchestrators\.dir_id
.dir_id,01260207201000001289_src,01260207201000001289_src\01260207201000001293_orchestrators\01260207201000001294_src\.dir_id
.dir_id,01260207201000001289_src,01260207201000001289_src\01260207201000001295_P_01999000042260124484_geu_governance\.dir_id
.dir_id,01260207201000001289_src,01260207201000001289_src\01260207201000001298_repo_autoops\.dir_id
.dir_id,01260207201000001289_src,01260207201000001289_src\01260207201000001298_repo_autoops\01260207201000001299_automation_descriptor\.dir_id
.dir_id,01260207201000001289_src,01260207201000001289_src\01260207201000001298_repo_autoops\01260207201000001300_models\.dir_id
.dir_id,01260207201000001289_src,01260207201000001289_src\01260207201000001301_validators\.dir_id
.dir_id,01260207201000001289_src,01260207201000001289_src\01260207201000001301_validators\01260207201000001302_src\.dir_id
.dir_id,01260207201000001303_templates,01260207201000001303_templates\.dir_id
.dir_id,01260207201000001305_tests,01260207201000001305_tests\.dir_id
.dir_id,01260207201000001305_tests,01260207201000001305_tests\01260207201000001308_integration\.dir_id
.dir_id,01260207201000001312_validators,01260207201000001312_validators\.dir_id
.dir_id,01999000042260125146_AI_CLI_PROVENANCE_SOLUTION,01999000042260125146_AI_CLI_PROVENANCE_SOLUTION\01999000042260125147_tests\01999000042260125150_integration\.dir_id
.dir_id,01999000042260125147_tests,01999000042260125147_tests\.dir_id
.dir_id,01999000042260125147_tests,01999000042260125147_tests\01999000042260125148_fixtures\01999000042260125149_sample_logs\.dir_id
.dir_id,01999000042260125147_tests,01999000042260125147_tests\01999000042260125150_integration\.dir_id
.dir_id,01999000042260125148_fixtures,01999000042260125148_fixtures\.dir_id
.dir_id,01999000042260125148_fixtures,01999000042260125148_fixtures\01999000042260125149_sample_logs\.dir_id
.dir_id,01999000042260125150_integration,01999000042260125150_integration\.dir_id
.dir_id,01999000042260125151_unit,01999000042260125151_unit\.dir_id
.dir_id,260125147_tests,260125147_tests\.dir_id
.dir_id,3_duplicate_cleanup,3_duplicate_cleanup\.dir_id
.dir_id,Autonomous Delivery System v2.0,Autonomous Delivery System v2.0\.dir_id
.dir_id,EVIDENCE_BUNDLE,EVIDENCE_BUNDLE\.dir_id
.dir_id,EVIDENCE_BUNDLE,EVIDENCE_BUNDLE\reports\.dir_id
.dir_id,LP_LONG_PLAN,LP_LONG_PLAN\.dir_id
.dir_id,REWRITE_PATCHSET,REWRITE_PATCHSET\.dir_id
.dir_id,REWRITE_PATCHSET,REWRITE_PATCHSET\plans\.dir_id
.dir_id,SSOT_REFACTOR,SSOT_REFACTOR\.dir_id
.dir_id,SSOT_REFACTOR,SSOT_REFACTOR\run_NEWPHASE_20260217_054331_50173d\.dir_id
.dir_id,SSOT_REFACTOR,SSOT_REFACTOR\run_NEWPHASE_20260217_054331_50173d\EVIDENCE_BUNDLE\before_snapshot\.dir_id
.dir_id,SSOT_REFACTOR,SSOT_REFACTOR\run_NEWPHASE_20260217_054331_50173d\EVIDENCE_BUNDLE\diffs\.dir_id
.dir_id,SSOT_REFACTOR,SSOT_REFACTOR\run_NEWPHASE_20260217_054331_50173d\EVIDENCE_BUNDLE\logs\.dir_id
.dir_id,SSOT_REFACTOR,SSOT_REFACTOR\run_NEWPHASE_20260217_054331_50173d\EVIDENCE_BUNDLE\reports\.dir_id
.dir_id,Users,Users\richg\Gov_Reg\01260207201000001250_REGISTRY\01260207201000001158_FILE WATCHER\.dir_id
.dir_id,Users,Users\richg\Gov_Reg\01260207201000001250_REGISTRY\01260207201000001158_FILE WATCHER\01260207201000001159_schemas\.dir_id
.dir_id,Users,Users\richg\Gov_Reg\01260207201000001250_REGISTRY\01260207201000001158_FILE WATCHER\01260207201000001160_scripts\.dir_id
.dir_id,Users,Users\richg\Gov_Reg\01260207201000001250_REGISTRY\01260207201000001270_scripts\.dir_id
.dir_id,Users,Users\richg\Gov_Reg\01260207201000001250_REGISTRY\01260207201000001270_scripts\01260207201000001271_ci\.dir_id
.dir_id,Users,Users\richg\Gov_Reg\01260207201000001250_REGISTRY\01260207201000001274_tests\.dir_id
.dir_id,Users,Users\richg\Gov_Reg\01260207201000001250_REGISTRY\01260207201000001313_capability_mapping_system\01260207220000001314_archive\.dir_id
.dir_id,Users,Users\richg\Gov_Reg\01260207201000001250_REGISTRY\01260207201000001313_capability_mapping_system\01260207220000001318_mapp_py\.dir_id
.dir_id,Users,Users\richg\Gov_Reg\01260207201000001250_REGISTRY\01260207201000001313_capability_mapping_system\01260207220000001322_src\.dir_id
.dir_id,Users,Users\richg\Gov_Reg\01260207201000001250_REGISTRY\ID\dir_id\.dir_id
.dir_id,Users,Users\richg\Gov_Reg\01260207201000001250_REGISTRY\src_modules\01260207201000001296_registry_transition\.dir_id
.dir_id,Users,Users\richg\Gov_Reg\01260207201000001250_REGISTRY\src_modules\01260207201000001297_registry_writer\.dir_id
.dir_id,Users,Users\richg\Gov_Reg\another\path\.dir_id
.dir_id,Users,Users\richg\Gov_Reg\some\path\.dir_id
.dir_id,_SOLUTION,_SOLUTION\.dir_id
.dir_id,files_to_review,files_to_review\scripts\migration_subfolder\.dir_id
.dir_id,newPhasePlanProcess,newPhasePlanProcess\.dir_id
.dir_id,newPhasePlanProcess,newPhasePlanProcess\01260207201000001161_gates\.dir_id
.dir_id,newPhasePlanProcess,newPhasePlanProcess\01260207201000001216_Docs\.dir_id
.dir_id,newPhasePlanProcess,newPhasePlanProcess\01260207201000001217_mcp\.dir_id
.dir_id,newPhasePlanProcess,newPhasePlanProcess\01260207201000001217_mcp\01260207201000001218_contracts\.dir_id
.dir_id,newPhasePlanProcess,newPhasePlanProcess\01260207201000001217_mcp\01260207201000001219_tools\.dir_id
.dir_id,newPhasePlanProcess,newPhasePlanProcess\01260207201000001217_mcp\01260207201000001220_utils\.dir_id
.dir_id,newPhasePlanProcess,newPhasePlanProcess\01260207201000001222_Plans_Instructions\.dir_id
.dir_id,newPhasePlanProcess,newPhasePlanProcess\01260207201000001223_schemas\.dir_id
.dir_id,newPhasePlanProcess,newPhasePlanProcess\01260207201000001223_schemas\01260207201000001224_etl\.dir_id
.dir_id,newPhasePlanProcess,newPhasePlanProcess\01260207201000001225_scripts\.dir_id
.dir_id,newPhasePlanProcess,newPhasePlanProcess\01260207201000001225_scripts\01260207201000001226_wiring\.dir_id
.dir_id,newPhasePlanProcess,newPhasePlanProcess\01260207201000001288_sections\.dir_id
.dir_id,src,src\.dir_id
.dir_id,src,src\phase_b_cli\.dir_id
.dir_id,src,src\phase_b_cli\commands\.dir_id
.example,01260207201000001133_backups,01260207201000001133_backups\REGISTRY_pre_unified_cleanup_20260222_200819\ID\3_schemas\.dir_id.example
.example,01260207201000001250_REGISTRY,01260207201000001250_REGISTRY\ID\3_schemas\.dir_id.example
.example,Users,Users\richg\Gov_Reg\01260207201000001133_backups\REGISTRY_pre_unified_cleanup_20260222_200819\ID\3_schemas\.dir_id.example
.json,(none),01260202173939000104_validation_file_id_20260202_134237.json
.json,(none),01260202173939000105_validation_file_id_20260202_134247.json
.json,(none),01260207201000000124_DOC-CONFIG-1277__dir_id_generation_execution_report.json
.json,(none),01260207201000000125_DOC-CONFIG-1278__dir_id_generation_report.json
.json,(none),01260207201000000364_geu_audit.duplicate_file_id_groups.json
.json,(none),01260207201000000372_geu_audit.duplicate_file_id_groups.json
.json,(none),01260207201000000374_geu_audit.duplicate_file_id_groups.json
.json,(none),01260207220000001321_SCRIPT_CLASSIFIER_OVERRIDES.json
.json,(none),01260207233100000456_geu_audit.duplicate_file_id_groups.json
.json,(none),01260207233100000577_geu_audit.duplicate_file_id_groups.json
.json,(none),01999000042260124012_governance_registry_schema.v3.json
.json,(none),01999000042260124503_REGISTRY_file.json
.json,(none),01999000042260124506_settings.local.json
.json,(none),01999000042260124527_COMPLETE_SSOT.json
.json,(none),1277__dir_id_generation_execution_report.json
.json,(none),1278__dir_id_generation_report.json
.json,(none),2026012816000001_COLUMN_DICTIONARY.json
.json,(none),24503_REGISTRY_file.json
.json,(none),d_20260202_134237.json
.json,(none),d_20260202_134247.json
.json,(none),d_groups.json
.json,(none),duplicate_file_id_groups.json
.json,(none),geu_audit.invalid_file_ids.json
.json,(none),governance_registry_unified.json
.json,(none),groups.json
.json,(none),hema.json
.json,(none),invalid_file_ids.json
.json,(none),local.json
.json,(none),oups.json
.json,(none),REGISTRY_file.json
.json,(none),roups.json
.json,(none),schema.json
.json,(none),schema.v3.json
.json,(none),v3.json
.json,01260207201000001133_backups,01260207201000001133_backups\REGISTRY_pre_unified_cleanup_20260222_200819\01260207201000001253_BACKUP_FILES\01260207201000001254_20260203_duplicate_cleanup\01260202173939000104_validation_file_id_20260202_134237.json
.json,01260207201000001133_backups,01260207201000001133_backups\REGISTRY_pre_unified_cleanup_20260222_200819\01260207201000001253_BACKUP_FILES\01260207201000001254_20260203_duplicate_cleanup\01260202173939000105_validation_file_id_20260202_134247.json
.json,01260207201000001133_backups,01260207201000001133_backups\REGISTRY_pre_unified_cleanup_20260222_200819\dir_id\01260207201000000124_DOC-CONFIG-1277__dir_id_generation_execution_report.json
.json,01260207201000001133_backups,01260207201000001133_backups\REGISTRY_pre_unified_cleanup_20260222_200819\dir_id\01260207201000000125_DOC-CONFIG-1278__dir_id_generation_report.json
.json,01260207201000001148_evidence,01260207201000001148_evidence\01260207201000001149_FINAL_TEST_AUDIT\01260207201000000364_geu_audit.duplicate_file_id_groups.json
.json,01260207201000001148_evidence,01260207201000001148_evidence\01260207201000001152_POST_NORMALIZE\01260207233100000577_geu_audit.duplicate_file_id_groups.json
.json,01260207201000001148_evidence,01260207201000001148_evidence\01260207201000001156_RESTORE_TEST\01260207201000000372_geu_audit.duplicate_file_id_groups.json
.json,01260207201000001148_evidence,01260207201000001148_evidence\01260207201000001157_TEST_BASELINE\01260207201000000374_geu_audit.duplicate_file_id_groups.json
.json,01260207201000001148_evidence,01260207201000001148_evidence\01260207233100000456_geu_audit.duplicate_file_id_groups.json
.json,01260207201000001250_REGISTRY,01260207201000001250_REGISTRY\01999000042260124503_REGISTRY_file.json
.json,01260207201000001263_py_columns_20260202_142006,01260207201000001263_py_columns_20260202_142006\01999000042260124012_governance_registry_schema.v3.json
.json,Users,C:\Users\richg\Gov_Reg\01260207201000001250_REGISTRY\01999000042260124503_REGISTRY_file.json
.json,Users,Users\richg\Gov_Reg\01260207201000001133_backups\REGISTRY_pre_unified_cleanup_20260222_200819\01999000042260124503_REGISTRY_file.json
.json,Users,Users\richg\Gov_Reg\01260207201000001148_evidence\01260207233100000456_geu_audit.duplicate_file_id_groups.json
.json,Users,Users\richg\Gov_Reg\01260207201000001250_REGISTRY\01999000042260124012_governance_registry_schema.v3.json
.json,Users,Users\richg\Gov_Reg\01260207201000001250_REGISTRY\01999000042260124503_REGISTRY_file.json
.json,Users,Users\richg\Gov_Reg\01260207201000001250_REGISTRY\archive\pre_cleanup_20260225_173348\01999000042260124503_REGISTRY_file.json
.json,Users,Users\richg\Gov_Reg\01260207201000001250_REGISTRY\ID\3_schemas\GATE_CATALOG.json
.json,Users,Users\richg\Gov_Reg\01260207201000001250_REGISTRY\ID\3_schemas\PREFIX_POLICY.json
.json,Users,Users\richg\Gov_Reg\01260207201000001250_REGISTRY\ID\4_config\idpkg_active_config.json
.json,Users,Users\richg\Gov_Reg\01260207201000001250_REGISTRY\ID\6_docs\00_MANIFEST.json
.json,files_to_review,files_to_review\BACKUP_FILES\01260207201000001254_20260203_duplicate_cleanup\01260202173939000104_validation_file_id_20260202_134237.json
.json,files_to_review,files_to_review\BACKUP_FILES\01260207201000001254_20260203_duplicate_cleanup\01260202173939000105_validation_file_id_20260202_134247.json
.json,files_to_review,files_to_review\dir_id\01260207201000000124_DOC-CONFIG-1277__dir_id_generation_execution_report.json
.json,files_to_review,files_to_review\dir_id\01260207201000000125_DOC-CONFIG-1278__dir_id_generation_report.json
.jsonl,01260207201000001148_evidence,01260207201000001148_evidence\01260207201000001149_FINAL_TEST_AUDIT\geu_audit.invalid_file_ids.jsonl
.jsonl,01260207201000001148_evidence,01260207201000001148_evidence\01260207201000001152_POST_NORMALIZE\geu_audit.invalid_file_ids.jsonl
.jsonl,01260207201000001148_evidence,01260207201000001148_evidence\01260207201000001153_POST_NORMALIZE_CORRECTED\geu_audit.invalid_file_ids.jsonl
.jsonl,01260207201000001148_evidence,01260207201000001148_evidence\01260207201000001154_POST_RECONCILE\geu_audit.invalid_file_ids.jsonl
.jsonl,01260207201000001148_evidence,01260207201000001148_evidence\01260207201000001155_PRODUCTION_FINAL_AUDIT\geu_audit.invalid_file_ids.jsonl
.jsonl,01260207201000001148_evidence,01260207201000001148_evidence\01260207201000001156_RESTORE_TEST\geu_audit.invalid_file_ids.jsonl
.jsonl,01260207201000001148_evidence,01260207201000001148_evidence\01260207201000001157_TEST_BASELINE\geu_audit.invalid_file_ids.jsonl
.jsonl,01260207201000001148_evidence,01260207201000001148_evidence\geu_audit.invalid_file_ids.jsonl
.jsonl,Users,Users\richg\Gov_Reg\01260207201000001148_evidence\01260207201000001149_FINAL_TEST_AUDIT\geu_audit.invalid_file_ids.jsonl
.jsonl,Users,Users\richg\Gov_Reg\01260207201000001148_evidence\01260207201000001152_POST_NORMALIZE\geu_audit.invalid_file_ids.jsonl
.jsonl,Users,Users\richg\Gov_Reg\01260207201000001148_evidence\01260207201000001153_POST_NORMALIZE_CORRECTED\geu_audit.invalid_file_ids.jsonl
.jsonl,Users,Users\richg\Gov_Reg\01260207201000001148_evidence\01260207201000001154_POST_RECONCILE\geu_audit.invalid_file_ids.jsonl
.jsonl,Users,Users\richg\Gov_Reg\01260207201000001148_evidence\01260207201000001155_PRODUCTION_FINAL_AUDIT\geu_audit.invalid_file_ids.jsonl
.jsonl,Users,Users\richg\Gov_Reg\01260207201000001148_evidence\01260207201000001156_RESTORE_TEST\geu_audit.invalid_file_ids.jsonl
.jsonl,Users,Users\richg\Gov_Reg\01260207201000001148_evidence\01260207201000001157_TEST_BASELINE\geu_audit.invalid_file_ids.jsonl
.jsonl,Users,Users\richg\Gov_Reg\01260207201000001148_evidence\geu_audit.invalid_file_ids.jsonl
.md,(none),00_REGISTRY_FOLDER_MANIFEST.md
.md,(none),00_REPORTS_INDEX.md
.md,(none),01260202173939000109_CLAUDE.md
.md,(none),AGENTS.md
.md,(none),BACKUP_HIERARCHY.md
.md,(none),CLAUDE.md
.md,(none),DERIVEDPY_COLUMN_PIPELINE_MAPPING.md
.md,(none),DUPLICATE_ID_PREVENTION.md
.md,(none),END_TO_END_REGISTRY_PROCESS.md
.md,(none),P_01999000042260125105_README_ENHANCED_SCANNER.md
.md,(none),PPING.md
.md,(none),PY_COLUMN_PIPELINE_MAPPING.md
.md,(none),README_ENHANCED_SCANNER.md
.md,(none),REGISTRY_CLEANUP_PLAN.md
.md,(none),REGISTRY_COLUMN_HEADERS.md
.md,(none),REMEDIATION_EXECUTION_COMPLETE.md
.md,(none),RS.md
.md,(none),UNIFIED_SOLUTION_MANIFEST.md
.md,01260207201000001133_backups,01260207201000001133_backups\REGISTRY_pre_unified_cleanup_20260222_200819\01260202173939000109_CLAUDE.md
.md,01260207201000001133_backups,01260207201000001133_backups\REGISTRY_pre_unified_cleanup_20260222_200819\01260207201000001158_FILE WATCHER\01260207201000000379_CLAUDE.md
.md,01260207201000001250_REGISTRY,01260207201000001250_REGISTRY\00_REGISTRY_COLUMN_HEADERS.md
.md,01260207201000001250_REGISTRY,01260207201000001250_REGISTRY\00_REGISTRY_FOLDER_MANIFEST.md
.md,01260207201000001250_REGISTRY,01260207201000001250_REGISTRY\01260202173939000109_CLAUDE.md
.md,01260207201000001250_REGISTRY,01260207201000001250_REGISTRY\01260207201000001158_FILE WATCHER\01260207201000000379_CLAUDE.md
.md,01260207201000001250_REGISTRY,01260207201000001250_REGISTRY\COLUMN_HEADERS\PY_COLUMN_PIPELINE_MAPPING.md
.md,01260207201000001250_REGISTRY,01260207201000001250_REGISTRY\COLUMN_HEADERS\REGISTRY_COLUMN_HEADERS.md
.md,01260207201000001250_REGISTRY,01260207201000001250_REGISTRY\docs\00_REPORTS_INDEX.md
.md,01260207201000001250_REGISTRY,01260207201000001250_REGISTRY\docs\BACKUP_HIERARCHY.md
.md,01260207201000001250_REGISTRY,01260207201000001250_REGISTRY\docs\P_01999000042260125105_README_ENHANCED_SCANNER.md
.md,01260207201000001250_REGISTRY,01260207201000001250_REGISTRY\ID\00_README.md
.md,01260207201000001250_REGISTRY,01260207201000001250_REGISTRY\REGISTRY_CLEANUP_PLAN.md
.md,01260207201000001250_REGISTRY,01260207201000001250_REGISTRY\REMEDIATION_EXECUTION_COMPLETE.md
.md,COLUMN_HEADERS,COLUMN_HEADERS\REGISTRY_COLUMN_HEADERS.md
.md,ID,ID\00_README.md
.md,Users,C:\Users\richg\Gov_Reg\01260207201000001250_REGISTRY\00_REGISTRY_FOLDER_MANIFEST.md
.md,Users,C:\Users\richg\Gov_Reg\01260207201000001250_REGISTRY\01260202173939000109_CLAUDE.md
.md,Users,C:\Users\richg\Gov_Reg\01260207201000001250_REGISTRY\COLUMN_HEADERS\REGISTRY_COLUMN_HEADERS.md
.md,Users,C:\Users\richg\Gov_Reg\01260207201000001250_REGISTRY\docs\P_01999000042260125105_README_ENHANCED_SCANNER.md
.md,Users,C:\Users\richg\Gov_Reg\01260207201000001250_REGISTRY\ID\00_README.md
.md,Users,C:\Users\richg\Gov_Reg\01260207201000001250_REGISTRY\REGISTRY_CLEANUP_PLAN.md
.md,Users,C:\Users\richg\Gov_Reg\01260207201000001250_REGISTRY\REMEDIATION_EXECUTION_COMPLETE.md
.md,Users,C:\Users\richg\Gov_Reg\AGENTS.md
.md,Users,C:\Users\richg\Gov_Reg\docs\DEV_RULES_CORE.md
.md,Users,Users\richg\Gov_Reg\01260207201000001133_backups\REGISTRY_pre_unified_cleanup_20260222_200819\REGISTRY_COLUMN_HEADERS.md
.md,Users,Users\richg\Gov_Reg\01260207201000001250_REGISTRY\COLUMN_HEADERS\REGISTRY_COLUMN_HEADERS.md
.md,Users,Users\richg\Gov_Reg\01260207201000001250_REGISTRY\docs\DUPLICATE_ID_PREVENTION.md
.md,Users,Users\richg\Gov_Reg\01260207201000001250_REGISTRY\docs\END_TO_END_REGISTRY_PROCESS.md
.md,Users,Users\richg\Gov_Reg\01260207201000001250_REGISTRY\ID\6_docs\01_CONTEXT_PRIMER.md
.md,Users,Users\richg\Gov_Reg\01260207201000001250_REGISTRY\ID\6_docs\contracts\01260207201000000174_ID_IDENTITY_CONTRACT.md
.md,Users,Users\richg\Gov_Reg\AGENTS.md
.md,docs,docs\00_REPORTS_INDEX.md
.md,docs,docs\BACKUP_HIERARCHY.md
.md,docs,docs\DEV_RULES_CORE.md
.md,docs,docs\P_01999000042260125105_README_ENHANCED_SCANNER.md
.md,newPhasePlanProcess,newPhasePlanProcess\01260207201000001216_Docs\01260207201000000467_CLAUDE.md
.py,(none),06_pre_commit_dir_id_check.py
.py,(none),070_dir_identity_resolver.py
.py,(none),104_dir_id_auto_repair.py
.py,(none),105_dir_id_watcher.py
.py,(none),201000000980_01999000042260130003_argparse_extractor.py
.py,(none),2173939000077_compute_sha_256_hash_of_evidence.py
.py,(none),2260125102_populate_registry_dir_ids.py
.py,(none),2260125110_populate_registry_dir_ids_enhanced.py
.py,(none),864_01999000042260130001_argparse_extractor.py
.py,(none),argparse_extractor.py
.py,(none),asP_01260207201000000864_01999000042260130001_argparse_extractor.py
.py,(none),check.py
.py,(none),cli_entry_point.py
.py,(none),dependency_analyzer.py
.py,(none),dir_id_watcher.py
.py,(none),e.py
.py,(none),egistry_dir_ids.py
.py,(none),egistry_dir_ids_enhanced.py
.py,(none),field_precedence.py
.py,(none),file_id_pattern.py
.py,(none),file_ids.py
.py,(none),gates.py
.py,(none),h_assign_file_ids.py
.py,(none),healthcheck.py
.py,(none),INPUT.py
.py,(none),lver.py
.py,(none),P_01260202173939000087_canonical_ranker.py
.py,(none),P_01260207201000000109_add_file_ids.py
.py,(none),P_01260207201000000864_01999000042260130001_argparse_extractor.py
.py,(none),P_01260207201000000865_01999000042260130007_registry_patch_generator.py
.py,(none),P_01260207201000000865_P_01260207233100000YYY_registry_patch_generator.py
.py,(none),P_01260207201000000979_01999000042260130002___init__.py
.py,(none),P_01260207201000000980_01999000042260130003_argparse_extractor.py
.py,(none),P_01260207201000000981_01999000042260130004_call_graph_builder.py
.py,(none),P_01260207201000000982_01999000042260130005_capability_discoverer.py
.py,(none),P_01260207201000000983_01999000042260130006_file_inventory_builder.py
.py,(none),P_01260207201000000984_01999000042260130008_purpose_registry_builder.py
.py,(none),P_01260207220000001315_capability_mapper.py
.py,(none),P_01260207233100000033_fix_file_id_pattern.py
.py,(none),P_01260207233100000069_dir_id_handler.py
.py,(none),P_01260207233100000070_dir_identity_resolver.py
.py,(none),P_01260207233100000287_batch_assign_file_ids.py
.py,(none),P_01260207233100000321_field_precedence.py
.py,(none),P_01260207233100000322_gates.py
.py,(none),P_01260207233100000YYY___init__.py
.py,(none),P_01260207233100000YYY_argparse_extractor.py
.py,(none),P_01260207233100000YYY_call_graph_builder.py
.py,(none),P_01260207233100000YYY_capability_discoverer.py
.py,(none),P_01260207233100000YYY_file_inventory_builder.py
.py,(none),P_01260207233100000YYY_purpose_registry_builder.py
.py,(none),P_01260207233100000YYY_registry_patch_generator.py
.py,(none),P_01260207233100000YYY_registry_promoter.py
.py,(none),P_01999000042260125068_dir_id_handler.py
.py,(none),P_01999000042260125100_generate_dir_ids_gov_reg.py
.py,(none),P_01999000042260125101_validate_dir_ids.py
.py,(none),P_01999000042260125102_populate_registry_dir_ids.py
.py,(none),P_01999000042260125104_dir_id_auto_repair.py
.py,(none),P_01999000042260125105_dir_id_watcher.py
.py,(none),P_01999000042260125106_pre_commit_dir_id_check.py
.py,(none),P_01999000042260125110_populate_registry_dir_ids_enhanced.py
.py,(none),populate_registry_dir_ids_enhanced.py
.py,(none),r.py
.py,(none),r_id_handler.py
.py,(none),r_ids.py
.py,(none),r_ids_gov_reg.py
.py,(none),referencesP_01260207201000000865_P_01260207233100000YYY_registry_patch_generator.py
.py,(none),registry_filesystem_reconciler.py
.py,(none),registry_integration_pipeline.py
.py,(none),scanner.py
.py,(none),scanner_service.py
.py,(none),script_name_resolver.py
.py,(none),SOL_validate_collector_output.py
.py,(none),SOL_validate_evidence_schema.py
.py,(none),SOL_validate_log_availability.py
.py,(none),SOL_validate_rule_consistency.py
.py,(none),test_collector.py
.py,(none),test_copilot_parser.py
.py,(none),text_normalizer.py
.py,(none),validator.py
.py,01260207201000001133_backups,01260207201000001133_backups\ID_archived_files_20260222_030902\9_archive\legacy_scripts\P_01260207201000000109_add_file_ids.py
.py,01260207201000001133_backups,01260207201000001133_backups\ID_archived_files_20260222_030902\9_archive\legacy_scripts\P_01260207233100000033_fix_file_id_pattern.py
.py,01260207201000001133_backups,01260207201000001133_backups\ID_archived_files_20260222_030902\9_archive\legacy_scripts\P_01260207233100000287_batch_assign_file_ids.py
.py,01260207201000001133_backups,01260207201000001133_backups\REGISTRY_pre_unified_cleanup_20260222_200819\01260207201000001270_scripts\P_01999000042260125102_populate_registry_dir_ids.py
.py,01260207201000001133_backups,01260207201000001133_backups\REGISTRY_pre_unified_cleanup_20260222_200819\01260207201000001270_scripts\P_01999000042260125110_populate_registry_dir_ids_enhanced.py
.py,01260207201000001133_backups,01260207201000001133_backups\REGISTRY_pre_unified_cleanup_20260222_200819\dir_id\archived\P_01260207233100000069_dir_id_handler.py
.py,01260207201000001133_backups,01260207201000001133_backups\REGISTRY_pre_unified_cleanup_20260222_200819\dir_id\P_01999000042260125100_generate_dir_ids_gov_reg.py
.py,01260207201000001133_backups,01260207201000001133_backups\REGISTRY_pre_unified_cleanup_20260222_200819\dir_id\P_01999000042260125101_validate_dir_ids.py
.py,01260207201000001133_backups,01260207201000001133_backups\REGISTRY_pre_unified_cleanup_20260222_200819\ID\1_runtime\handlers\P_01260207233100000070_dir_identity_resolver.py
.py,01260207201000001133_backups,01260207201000001133_backups\REGISTRY_pre_unified_cleanup_20260222_200819\ID\1_runtime\handlers\P_01999000042260125068_dir_id_handler.py
.py,01260207201000001133_backups,01260207201000001133_backups\REGISTRY_pre_unified_cleanup_20260222_200819\ID\1_runtime\watchers\P_01999000042260125104_dir_id_auto_repair.py
.py,01260207201000001133_backups,01260207201000001133_backups\REGISTRY_pre_unified_cleanup_20260222_200819\ID\1_runtime\watchers\P_01999000042260125105_dir_id_watcher.py
.py,01260207201000001133_backups,01260207201000001133_backups\REGISTRY_pre_unified_cleanup_20260222_200819\ID\2_cli_tools\hooks\P_01999000042260125106_pre_commit_dir_id_check.py
.py,01260207201000001133_backups,01260207201000001133_backups\REGISTRY_pre_unified_cleanup_20260222_200819\src_modules\01260207201000001296_registry_transition\P_01260207233100000321_field_precedence.py
.py,01260207201000001135_REGISTRY,01260207201000001135_REGISTRY\P_01260207233100000YYY_argparse_extractor.py
.py,01260207201000001135_REGISTRY,01260207201000001135_REGISTRY\P_01260207233100000YYY_registry_patch_generator.py
.py,01260207201000001173_govreg_core,01260207201000001173_govreg_core\P_01260207233100000075_directory_gates.py
.py,01260207201000001250_REGISTRY,01260207201000001250_REGISTRY\01260207201000001313_capability_mapping_system\01260207220000001322_src\ asP_01260207201000000864_01999000042260130001_argparse_extractor.py and P_01260207201000000980_01999000042260130003_argparse_extractor.py
.py,01260207201000001250_REGISTRY,01260207201000001250_REGISTRY\01260207201000001313_capability_mapping_system\01260207220000001322_src\P_01260207201000000864_01999000042260130001_argparse_extractor.py
.py,01260207201000001250_REGISTRY,01260207201000001250_REGISTRY\01260207201000001313_capability_mapping_system\01260207220000001322_src\P_01260207201000000979_01999000042260130002___init__.py
.py,01260207201000001250_REGISTRY,01260207201000001250_REGISTRY\01260207201000001313_capability_mapping_system\01260207220000001322_src\P_01260207201000000980_01999000042260130003_argparse_extractor.py
.py,01260207201000001250_REGISTRY,01260207201000001250_REGISTRY\01260207201000001313_capability_mapping_system\01260207220000001322_src\P_01260207201000000981_01999000042260130004_call_graph_builder.py
.py,01260207201000001250_REGISTRY,01260207201000001250_REGISTRY\01260207201000001313_capability_mapping_system\01260207220000001322_src\P_01260207201000000982_01999000042260130005_capability_discoverer.py
.py,01260207201000001250_REGISTRY,01260207201000001250_REGISTRY\01260207201000001313_capability_mapping_system\01260207220000001322_src\P_01260207201000000983_01999000042260130006_file_inventory_builder.py
.py,01260207201000001250_REGISTRY,01260207201000001250_REGISTRY\01260207201000001313_capability_mapping_system\01999000042260125146_AI_CLI_PROVENANCE_SOLUTION\01999000042260125147_tests\01999000042260125151_unit\P_01999000042260125157_test_copilot_parser.py
.py,01260207201000001250_REGISTRY,01260207201000001250_REGISTRY\01260207201000001313_capability_mapping_system\01999000042260125146_AI_CLI_PROVENANCE_SOLUTION\01999000042260125147_tests\01999000042260125151_unit\P_01999000042260125158_test_collector.py
.py,01260207201000001250_REGISTRY,01260207201000001250_REGISTRY\01260207201000001313_capability_mapping_system\capability_system_scripts\P_01260207201000000865_01999000042260130007_registry_patch_generator.py
.py,01260207201000001250_REGISTRY,01260207201000001250_REGISTRY\01260207201000001313_capability_mapping_system\capability_system_scripts\P_01260207201000000984_01999000042260130008_purpose_registry_builder.py
.py,01260207201000001250_REGISTRY,01260207201000001250_REGISTRY\01260207201000001313_capability_mapping_system\capability_system_scripts\P_01260207201000000985_01999000042260130009_registry_promoter.py
.py,01260207201000001250_REGISTRY,01260207201000001250_REGISTRY\archive\cleanup_2026-02-27\duplicates\P_01260202173939000080_component_extractor.py
.py,01260207201000001250_REGISTRY,01260207201000001250_REGISTRY\archive\cleanup_2026-02-27\duplicates\P_01260202173939000082_dependency_analyzer.py
.py,01260207201000001250_REGISTRY,01260207201000001250_REGISTRY\ID\1_runtime\handlers\P_01260207233100000070_dir_identity_resolver.py
.py,01260207201000001250_REGISTRY,01260207201000001250_REGISTRY\ID\1_runtime\handlers\P_01999000042260125068_dir_id_handler.py
.py,01260207201000001250_REGISTRY,01260207201000001250_REGISTRY\ID\1_runtime\watchers\P_01999000042260125104_dir_id_auto_repair.py
.py,01260207201000001250_REGISTRY,01260207201000001250_REGISTRY\ID\1_runtime\watchers\P_01999000042260125105_dir_id_watcher.py
.py,01260207201000001250_REGISTRY,01260207201000001250_REGISTRY\ID\2_cli_tools\hooks\P_01999000042260125106_pre_commit_dir_id_check.py
.py,01260207201000001250_REGISTRY,01260207201000001250_REGISTRY\ID\7_automation\P_01999000042260125100_generate_dir_ids_gov_reg.py
.py,01260207201000001250_REGISTRY,01260207201000001250_REGISTRY\ID\7_automation\P_01999000042260125101_validate_dir_ids.py
.py,01260207201000001250_REGISTRY,01260207201000001250_REGISTRY\ID\7_automation\P_01999000042260125102_populate_registry_dir_ids.py
.py,01260207201000001250_REGISTRY,01260207201000001250_REGISTRY\ID\7_automation\P_01999000042260125106_registry_filesystem_reconciler.py
.py,01260207201000001250_REGISTRY,01260207201000001250_REGISTRY\ID\7_automation\P_01999000042260125110_populate_registry_dir_ids_enhanced.py
.py,01260207201000001250_REGISTRY,01260207201000001250_REGISTRY\src_modules\01260207201000001296_registry_transition\P_01260207233100000321_field_precedence.py
.py,01260207201000001302_src,01260207201000001302_src\01260207201000001290_capability_mapping\P_01260207233100000YYY___init__.py
.py,01260207201000001302_src,01260207201000001302_src\01260207201000001290_capability_mapping\P_01260207233100000YYY_argparse_extractor.py
.py,01260207201000001302_src,01260207201000001302_src\01260207201000001290_capability_mapping\P_01260207233100000YYY_call_graph_builder.py
.py,01260207201000001302_src,01260207201000001302_src\01260207201000001290_capability_mapping\P_01260207233100000YYY_capability_discoverer.py
.py,01260207201000001302_src,01260207201000001302_src\01260207201000001290_capability_mapping\P_01260207233100000YYY_file_inventory_builder.py
.py,01260207201000001302_src,01260207201000001302_src\01260207201000001290_capability_mapping\P_01260207233100000YYY_registry_promoter.py
.py,01999000042260125147_tests,01999000042260125147_tests\01999000042260125151_unit\P_01999000042260125154_test_evidence_schema.py
.py,01999000042260125147_tests,01999000042260125147_tests\01999000042260125151_unit\P_01999000042260125157_test_copilot_parser.py
.py,ID,ID\1_runtime\watchers\dir_id_watcher.py
.py,ID,ID\2_cli_tools\maintenance\healthcheck.py
.py,ID,ID\7_automation\scanner_service.py
.py,Users,C:\Users\richg\Gov_Reg\01260207201000001250_REGISTRY\ID\1_runtime\watchers\P_01999000042260125105_dir_id_watcher.py
.py,Users,C:\Users\richg\Gov_Reg\01260207201000001250_REGISTRY\ID\7_automation\P_01999000042260125106_registry_filesystem_reconciler.py
.py,Users,Users\richg\Gov_Reg\01260207201000001250_REGISTRY\01260207201000001270_scripts\P_01999000042260124033_validate_plan_reservations.py
.py,Users,Users\richg\Gov_Reg\01260207201000001250_REGISTRY\01260207201000001270_scripts\P_01999000042260124034_validate_ingest_commitments.py
.py,Users,Users\richg\Gov_Reg\01260207201000001250_REGISTRY\01260207201000001313_capability_mapping_system\01260207220000001322_src\P_01260207201000000864_01999000042260130001_argparse_extractor.py
.py,Users,Users\richg\Gov_Reg\01260207201000001250_REGISTRY\ID\1_runtime\allocators\P_01999000042260124031_unified_id_allocator.py
.py,Users,Users\richg\Gov_Reg\01260207201000001250_REGISTRY\ID\1_runtime\allocators\P_01999000042260124032_reservation_ledger.py
.py,Users,Users\richg\Gov_Reg\01260207201000001250_REGISTRY\ID\1_runtime\allocators\P_01999000042260124489_id_scheme.py
.py,Users,Users\richg\Gov_Reg\01260207201000001250_REGISTRY\ID\1_runtime\allocators\P_01999000042260125006_id_allocator_facade.py
.py,Users,Users\richg\Gov_Reg\01260207201000001250_REGISTRY\ID\1_runtime\handlers\P_01260207233100000070_dir_identity_resolver.py
.py,Users,Users\richg\Gov_Reg\01260207201000001250_REGISTRY\ID\1_runtime\handlers\P_01999000042260125068_dir_id_handler.py
.py,Users,Users\richg\Gov_Reg\01260207201000001250_REGISTRY\ID\1_runtime\validators\P_01999000042260124521_id_format_scanner.py
.py,Users,Users\richg\Gov_Reg\01260207201000001250_REGISTRY\ID\1_runtime\validators\P_01999000042260125000_gate_id_canonicality.py
.py,Users,Users\richg\Gov_Reg\01260207201000001250_REGISTRY\ID\1_runtime\validators\P_01999000042260125002_canonical_id_patterns.py
.py,Users,Users\richg\Gov_Reg\01260207201000001250_REGISTRY\ID\1_runtime\validators\P_01999000042260125067_zone_classifier.py
.py,Users,Users\richg\Gov_Reg\01260207201000001250_REGISTRY\ID\1_runtime\watchers\P_01999000042260125104_dir_id_auto_repair.py
.py,Users,Users\richg\Gov_Reg\01260207201000001250_REGISTRY\ID\1_runtime\watchers\P_01999000042260125105_dir_id_watcher.py
.py,Users,Users\richg\Gov_Reg\01260207201000001250_REGISTRY\ID\1_runtime\watchers\P_01999000042260125111_orphan_purger.py
.py,Users,Users\richg\Gov_Reg\01260207201000001250_REGISTRY\ID\1_runtime\watchers\P_01999000042260126000__idpkg_runtime.py
.py,Users,Users\richg\Gov_Reg\01260207201000001250_REGISTRY\ID\2_cli_tools\file_id\P_01260202173939000081_generate_component_id.py
.py,Users,Users\richg\Gov_Reg\01260207201000001250_REGISTRY\ID\2_cli_tools\file_id\P_01260207201000000198_add_ids_recursive.py
.py,Users,Users\richg\Gov_Reg\01260207201000001250_REGISTRY\ID\2_cli_tools\hooks\P_01999000042260125106_pre_commit_dir_id_check.py
.py,Users,Users\richg\Gov_Reg\01260207201000001250_REGISTRY\ID\2_cli_tools\hooks\P_01999000042260125107_pre_push_governance_check.py
.py,Users,Users\richg\Gov_Reg\01260207201000001250_REGISTRY\ID\2_cli_tools\maintenance\install_automation.py
.py,Users,Users\richg\Gov_Reg\01260207201000001250_REGISTRY\ID\2_cli_tools\maintenance\P_01999000042260125113_healthcheck.py
.py,Users,Users\richg\Gov_Reg\01260207201000001250_REGISTRY\ID\7_automation\P_01260207233100000008_watcher_daemon.py
.py,Users,Users\richg\Gov_Reg\01260207201000001250_REGISTRY\ID\7_automation\P_01260207233100000071_scanner_service.py
.py,Users,Users\richg\Gov_Reg\01260207201000001250_REGISTRY\ID\7_automation\P_01260207233100000074_cli.py
.py,Users,Users\richg\Gov_Reg\01260207201000001250_REGISTRY\ID\7_automation\P_01999000042260124015_govreg.py
.py,Users,Users\richg\Gov_Reg\01260207201000001250_REGISTRY\ID\7_automation\P_01999000042260124023_scanner.py
.py,Users,Users\richg\Gov_Reg\01260207201000001250_REGISTRY\ID\7_automation\P_01999000042260124028_file_creator.py
.py,Users,Users\richg\Gov_Reg\01260207201000001250_REGISTRY\ID\7_automation\P_01999000042260125100_generate_dir_ids_gov_reg.py
.py,Users,Users\richg\Gov_Reg\01260207201000001250_REGISTRY\ID\7_automation\P_01999000042260125101_validate_dir_ids.py
.py,Users,Users\richg\Gov_Reg\01260207201000001250_REGISTRY\ID\7_automation\P_01999000042260125102_populate_registry_dir_ids.py
.py,Users,Users\richg\Gov_Reg\01260207201000001250_REGISTRY\ID\7_automation\P_01999000042260125103_rename_dirs_with_id.py
.py,Users,Users\richg\Gov_Reg\01260207201000001250_REGISTRY\ID\7_automation\P_01999000042260125106_registry_filesystem_reconciler.py
.py,Users,Users\richg\Gov_Reg\01260207201000001250_REGISTRY\ID\7_automation\P_01999000042260125110_populate_registry_dir_ids_enhanced.py
.py,Users,Users\richg\Gov_Reg\01260207201000001250_REGISTRY\src_modules\01260207201000001296_registry_transition\P_01260207233100000322_gates.py
.py,Users,Users\richg\Gov_Reg\files_to_review\dir_id\archived\P_01260207233100000069_dir_id_handler.py
.py,_SOLUTION,_SOLUTION\P_01999000042260125175_docid_loader.py
.py,files_to_review,files_to_review\capability_system_scripts\archive\P_01260207201000000984_P_01260207233100000YYY_purpose_registry_builder.py
.py,files_to_review,files_to_review\capability_system_scripts\archive\P_01260207201000000985_P_01260207233100000YYY_registry_promoter.py
.py,files_to_review,files_to_review\dir_id\archived\P_01260207233100000069_dir_id_handler.py
.py,lers,lers\P_01260207233100000070_dir_identity_resolver.py
.py,mapp_py,mapp_py\registry_integration_pipeline.py
.py,newPhasePlanProcess,newPhasePlanProcess\01260207201000001225_scripts\01260207201000001226_wiring\P_01260207233100000282_validate_detection_gates.py
.py,newPhasePlanProcess,newPhasePlanProcess\01260207201000001225_scripts\P_01260207233100000253_validate_gates.py
.py,src_modules,src_modules\01260207201000001296_registry_transition\P_01260207233100000322_gates.py
.py,tests,tests\unit\test_collector.py
.py,tests,tests\unit\test_copilot_parser.py
.schema.json,(none),_id.schema.json
.schema.json,(none),dir_id.schema.json
.schema.json,01260207201000001133_backups,01260207201000001133_backups\REGISTRY_pre_unified_cleanup_20260222_200819\dir_id\.dir_id.schema.json
.schema.json,01260207201000001133_backups,01260207201000001133_backups\REGISTRY_pre_unified_cleanup_20260222_200819\dir_id\dir_id.schema.json
.schema.json,01260207201000001133_backups,01260207201000001133_backups\REGISTRY_pre_unified_cleanup_20260222_200819\ID\3_schemas\.dir_id.schema.json
.schema.json,01260207201000001250_REGISTRY,01260207201000001250_REGISTRY\dir_id\.dir_id.schema.json
.schema.json,01260207201000001250_REGISTRY,01260207201000001250_REGISTRY\dir_id\dir_id.schema.json
.schema.json,01260207201000001250_REGISTRY,01260207201000001250_REGISTRY\ID\3_schemas\.dir_id.schema.json
.schema.json,Users,Users\richg\Gov_Reg\01260207201000001133_backups\REGISTRY_pre_unified_cleanup_20260222_200819\dir_id\.dir_id.schema.json
.schema.json,Users,Users\richg\Gov_Reg\01260207201000001133_backups\REGISTRY_pre_unified_cleanup_20260222_200819\dir_id\dir_id.schema.json
.schema.json,Users,Users\richg\Gov_Reg\01260207201000001133_backups\REGISTRY_pre_unified_cleanup_20260222_200819\ID\3_schemas\.dir_id.schema.json
.schema.json,Users,Users\richg\Gov_Reg\01260207201000001250_REGISTRY\dir_id\dir_id.schema.json
.schema.json,Users,Users\richg\Gov_Reg\01260207201000001250_REGISTRY\ID\3_schemas\01260207201000000877_DIR_ID_ANCHOR.schema.json
.schema.json,Users,Users\richg\Gov_Reg\01260207201000001250_REGISTRY\ID\3_schemas\UNIFIED_INGEST_ENVELOPE.schema.json
.txt,(none),01260202173939000111_INGEST_SPEC_UNIFIED_REGISTRY.txt
.txt,(none),Documentation.txt
.txt,(none),filenames.txt
.txt,(none),REGISTRY.txt
.txt,(none),repo_tree.txt
.txt,Users,Users\richg\Gov_Reg\01260207201000001250_REGISTRY\archive\analysis_reports\consolidation_log_20260216_231332.txt
.txt,Users,Users\richg\Gov_Reg\01260207201000001250_REGISTRY\docs\01260202173939000111_INGEST_SPEC_UNIFIED_REGISTRY.txt
.yaml,(none),001__SCHEMA_REGISTRY.yaml
.yaml,(none),01260202173939000004_DOC-SPEC-BDD-MAPP-PY-XXX-YYY.yaml
.yaml,(none),01260207201000000192_UNIFIED_SSOT_REGISTRY_DERIVATIONS.yaml
.yaml,(none),01260207201000000193_UNIFIED_SSOT_REGISTRY_WRITE_POLICY.yaml
.yaml,(none),173939000004_DOC-SPEC-BDD-MAPP-PY-XXX-YYY.yaml
.yaml,(none),andtransition_vectors.yaml
.yaml,(none),DOC-REGISTRY-ID-TYPES-001__ID_TYPE_REGISTRY.yaml
.yaml,(none),DOC-REGISTRY-SCHEMA-ID-001__SCHEMA_REGISTRY.yaml
.yaml,(none),FOUNDDOC-REGISTRY-ID-TYPES-001__ID_TYPE_REGISTRY.yaml
.yaml,(none),ID_TYPE_REGISTRY.yaml
.yaml,(none),SCHEMA-ID-001__SCHEMA_REGISTRY.yaml
.yaml,(none),transition_vectors.yaml
.yaml,(none),UNIFIED_SSOT_REGISTRY_DERIVATIONS.yaml
.yaml,(none),UNIFIED_SSOT_REGISTRY_WRITE_POLICY.yaml
.yaml,(none),XXX-YYY.yaml
.yaml,(none),Y_DERIVATIONS.yaml
.yaml,(none),Y_WRITE_POLICY.yaml
.yaml,01260207201000001133_backups,01260207201000001133_backups\REGISTRY_pre_unified_cleanup_20260222_200819\01260207201000000193_UNIFIED_SSOT_REGISTRY_WRITE_POLICY.yaml
.yaml,01260207201000001135_REGISTRY,01260207201000001135_REGISTRY\01260207201000001260_mapp_py\01260207201000001266_behaviors\01260202173939000004_DOC-SPEC-BDD-MAPP-PY-XXX-YYY.yaml
.yaml,01260207201000001162_GEU,01260207201000001162_GEU\01260207201000001165_ID\01260207201000000191_transition_vectors.yaml
.yaml,01260207201000001250_REGISTRY,01260207201000001250_REGISTRY\01260202173939000109_CLAUDE.md still points to transition_contract.bundle.yaml and transition_vectors.yaml
.yaml,01260207201000001250_REGISTRY,01260207201000001250_REGISTRY\COLUMN_HEADERS\01260207201000000193_UNIFIED_SSOT_REGISTRY_WRITE_POLICY.yaml
.yaml,ID,ID\6_docs\contracts\id_contract.yaml
.yaml,RUNTIME,RUNTIME\doc_id\SUB_DOC_ID\5_REGISTRY_DATA\directory_registry.yaml
.yaml,Users,Users\richg\Gov_Reg\01260207201000001250_REGISTRY\COLUMN_HEADERS\01260207201000000192_UNIFIED_SSOT_REGISTRY_DERIVATIONS.yaml
.yaml,Users,Users\richg\Gov_Reg\01260207201000001250_REGISTRY\COLUMN_HEADERS\01260207201000000193_UNIFIED_SSOT_REGISTRY_WRITE_POLICY.yaml
.yaml,Users,Users\richg\Gov_Reg\01260207201000001250_REGISTRY\ID\6_docs\contracts\id_contract.yaml
.yaml,Users,Users\richg\Gov_Reg\01260207201000001250_REGISTRY\ID\6_docs\operations\health_checks.yaml
.yaml,Users,Users\richg\Gov_Reg\01260207201000001250_REGISTRY\ID\6_docs\operations\troubleshooting.yaml
.yaml,Users,Users\richg\Gov_Reg\01260207201000001250_REGISTRY\ID\6_docs\operations\workflows.yaml
.yaml,Users,Users\richg\Gov_Reg\01260207201000001250_REGISTRY\ID\6_docs\runtime\allocators.yaml
.yaml,Users,Users\richg\Gov_Reg\01260207201000001250_REGISTRY\ID\6_docs\runtime\handlers.yaml
.yaml,Users,Users\richg\Gov_Reg\01260207201000001250_REGISTRY\ID\6_docs\runtime\validators.yaml
.yaml,Users,Users\richg\Gov_Reg\01260207201000001250_REGISTRY\ID\6_docs\runtime\watchers.yaml
.yaml,mapp_py,mapp_py\01260207201000001266_behaviors\01260202173939000004_DOC-SPEC-BDD-MAPP-PY-XXX-YYY.yaml
.yml,_SOLUTION,_SOLUTION\P_01999000042260125162_PROV-SOL_py_identify_soultion.yml
